http://www.sedena.gob.mx/servlet/Satellite?c=articulo_C&cid=1392342947951&d=Desktop&pagename=sedena%2Farticulo_C%2FSArticuloSinPaginaLayout,2012120101_SEDENA
http://www.sedena.gob.mx/servlet/Satellite?c=articulo_C&cid=1392342947923&d=Desktop&pagename=sedena%2Farticulo_C%2FSArticuloSinPaginaLayout,2012120102_SEDENA
http://www.sedena.gob.mx/servlet/Satellite?c=articulo_C&cid=1392342947894&d=Desktop&pagename=sedena%2Farticulo_C%2FSArticuloSinPaginaLayout,2012120103_SEDENA
http://www.sedena.gob.mx/servlet/Satellite?c=articulo_C&cid=1392342947838&d=Desktop&pagename=sedena%2Farticulo_C%2FSArticuloSinPaginaLayout,2012120104_SEDENA
http://www.sedena.gob.mx/servlet/Satellite?c=articulo_C&cid=1392342947810&d=Desktop&pagename=sedena%2Farticulo_C%2FSArticuloSinPaginaLayout,2012120401_SEDENA
http://www.sedena.gob.mx/servlet/Satellite?c=articulo_C&cid=1392342947754&d=Desktop&pagename=sedena%2Farticulo_C%2FSArticuloSinPaginaLayout,2012120501_SEDENA
http://www.sedena.gob.mx/servlet/Satellite?c=articulo_C&cid=1392342947782&d=Desktop&pagename=sedena%2Farticulo_C%2FSArticuloSinPaginaLayout,2012120601_SEDENA
http://www.sedena.gob.mx/servlet/Satellite?c=articulo_C&cid=1392342947726&d=Desktop&pagename=sedena%2Farticulo_C%2FSArticuloSinPaginaLayout,2012120701_SEDENA
http://www.sedena.gob.mx/servlet/Satellite?c=articulo_C&cid=1392342947698&d=Desktop&pagename=sedena%2Farticulo_C%2FSArticuloSinPaginaLayout,2012120702_SEDENA
http://www.sedena.gob.mx/servlet/Satellite?c=articulo_C&cid=1392342947670&d=Desktop&pagename=sedena%2Farticulo_C%2FSArticuloSinPaginaLayout,2012120801_SEDENA
http://www.sedena.gob.mx/servlet/Satellite?c=articulo_C&cid=1392342947642&d=Desktop&pagename=sedena%2Farticulo_C%2FSArticuloSinPaginaLayout,2012120802_SEDENA
http://www.sedena.gob.mx/servlet/Satellite?c=articulo_C&cid=1392342947614&d=Desktop&pagename=sedena%2Farticulo_C%2FSArticuloSinPaginaLayout,2012120803_SEDENA
http://www.sedena.gob.mx/servlet/Satellite?c=articulo_C&cid=1392342947586&d=Desktop&pagename=sedena%2Farticulo_C%2FSArticuloSinPaginaLayout,2012121001_SEDENA
http://www.sedena.gob.mx/servlet/Satellite?c=articulo_C&cid=1392342947558&d=Desktop&pagename=sedena%2Farticulo_C%2FSArticuloSinPaginaLayout,2012121002_SEDENA
http://www.sedena.gob.mx/servlet/Satellite?c=articulo_C&cid=1392342947530&d=Desktop&pagename=sedena%2Farticulo_C%2FSArticuloSinPaginaLayout,2012121003_SEDENA
http://www.sedena.gob.mx/servlet/Satellite?c=articulo_C&cid=1392342947502&d=Desktop&pagename=sedena%2Farticulo_C%2FSArticuloSinPaginaLayout,2012121101_SEDENA
http://www.sedena.gob.mx/servlet/Satellite?c=articulo_C&cid=1392342947474&d=Desktop&pagename=sedena%2Farticulo_C%2FSArticuloSinPaginaLayout,2012121401_SEDENA
http://www.sedena.gob.mx/servlet/Satellite?c=articulo_C&cid=1392342947445&d=Desktop&pagename=sedena%2Farticulo_C%2FSArticuloSinPaginaLayout,2012121402_SEDENA
http://www.sedena.gob.mx/servlet/Satellite?c=articulo_C&cid=1392342947319&d=Desktop&pagename=sedena%2Farticulo_C%2FSArticuloSinPaginaLayout,2012121501_SEDENA
http://www.sedena.gob.mx/servlet/Satellite?c=articulo_C&cid=1392342947289&d=Desktop&pagename=sedena%2Farticulo_C%2FSArticuloSinPaginaLayout,2012121601_SEDENA
http://www.sedena.gob.mx/servlet/Satellite?c=articulo_C&cid=1374098799729&d=Desktop&pagename=sedena%2Farticulo_C%2FSArticuloSinPaginaLayout,2012121901_SEDENA
http://www.sedena.gob.mx/servlet/Satellite?c=articulo_C&cid=1374098799684&d=Desktop&pagename=sedena%2Farticulo_C%2FSArticuloSinPaginaLayout,2012122001_SEDENA
http://www.sedena.gob.mx/servlet/Satellite?c=articulo_C&cid=1392342947087&d=Desktop&pagename=sedena%2Farticulo_C%2FSArticuloSinPaginaLayout,2012122002_SEDENA
http://www.sedena.gob.mx/servlet/Satellite?c=articulo_C&cid=1374098799662&d=Desktop&pagename=sedena%2Farticulo_C%2FSArticuloSinPaginaLayout,2012122301_SEDENA
http://www.sedena.gob.mx/servlet/Satellite?c=articulo_C&cid=1374098799574&d=Desktop&pagename=sedena%2Farticulo_C%2FSArticuloSinPaginaLayout,2012122302_SEDENA
http://www.sedena.gob.mx/servlet/Satellite?c=articulo_C&cid=1374098799508&d=Desktop&pagename=sedena%2Farticulo_C%2FSArticuloSinPaginaLayout,2012122601_SEDENA
http://www.sedena.gob.mx/servlet/Satellite?c=articulo_C&cid=1374098799298&d=Desktop&pagename=sedena%2Farticulo_C%2FSArticuloSinPaginaLayout,2012122801_SEDENA
http://www.sedena.gob.mx/servlet/Satellite?c=articulo_C&cid=1374098799231&d=Desktop&pagename=sedena%2Farticulo_C%2FSArticuloSinPaginaLayout,2012122901_SEDENA
http://www.sedena.gob.mx/servlet/Satellite?c=articulo_C&cid=1374098799164&d=Desktop&pagename=sedena%2Farticulo_C%2FSArticuloSinPaginaLayout,2012122902_SEDENA
http://www.sedena.gob.mx/servlet/Satellite?c=articulo_C&cid=1374098793339&d=Desktop&pagename=sedena%2Farticulo_C%2FSArticuloSinPaginaLayout,2013010801_SEDENA
http://www.sedena.gob.mx/servlet/Satellite?c=articulo_C&cid=1374098769291&d=Desktop&pagename=sedena%2Farticulo_C%2FSArticuloSinPaginaLayout,2013010901_SEDENA
http://www.sedena.gob.mx/servlet/Satellite?c=articulo_C&cid=1374098769213&d=Desktop&pagename=sedena%2Farticulo_C%2FSArticuloSinPaginaLayout,2013011001_SEDENA
http://www.sedena.gob.mx/servlet/Satellite?c=articulo_C&cid=1374098769154&d=Desktop&pagename=sedena%2Farticulo_C%2FSArticuloSinPaginaLayout,2013011101_SEDENA
http://www.sedena.gob.mx/servlet/Satellite?c=articulo_C&cid=1374098769126&d=Desktop&pagename=sedena%2Farticulo_C%2FSArticuloSinPaginaLayout,2013011201_SEDENA
http://www.sedena.gob.mx/servlet/Satellite?c=articulo_C&cid=1374098769090&d=Desktop&pagename=sedena%2Farticulo_C%2FSArticuloSinPaginaLayout,2013011301_SEDENA
http://www.sedena.gob.mx/servlet/Satellite?c=articulo_C&cid=1374098769002&d=Desktop&pagename=sedena%2Farticulo_C%2FSArticuloSinPaginaLayout,2013011601_SEDENA
http://www.sedena.gob.mx/servlet/Satellite?c=articulo_C&cid=1374098768861&d=Desktop&pagename=sedena%2Farticulo_C%2FSArticuloSinPaginaLayout,2013011602_SEDENA
http://www.sedena.gob.mx/servlet/Satellite?c=articulo_C&cid=1374098768814&d=Desktop&pagename=sedena%2Farticulo_C%2FSArticuloSinPaginaLayout,2013011701_SEDENA
http://www.sedena.gob.mx/servlet/Satellite?c=articulo_C&cid=1374098768754&d=Desktop&pagename=sedena%2Farticulo_C%2FSArticuloSinPaginaLayout,2013011801_SEDENA
http://www.sedena.gob.mx/servlet/Satellite?c=articulo_C&cid=1374098768645&d=Desktop&pagename=sedena%2Farticulo_C%2FSArticuloSinPaginaLayout,2013012701_SEDENA
